trial,testing,parameters,initial_deadline,final_deadline,net_reward,actions,success
1,False,"{'a': 0.18, 'e': 0.99}",20,2,-81.55873149815207,"{0: 9, 1: 1, 2: 7, 3: 1, 4: 0}",1
2,False,"{'a': 0.18, 'e': 0.9801}",25,0,-50.56711927201796,"{0: 19, 1: 4, 2: 1, 3: 0, 4: 1}",0
3,False,"{'a': 0.18, 'e': 0.970299}",20,10,-14.910547757435504,"{0: 7, 1: 1, 2: 2, 3: 0, 4: 0}",1
4,False,"{'a': 0.18, 'e': 0.96059601}",30,0,-130.87635170997507,"{0: 20, 1: 1, 2: 5, 3: 3, 4: 1}",0
5,False,"{'a': 0.18, 'e': 0.9509900498999999}",20,0,-72.27434132075956,"{0: 14, 1: 2, 2: 2, 3: 1, 4: 1}",0
6,False,"{'a': 0.18, 'e': 0.941480149401}",30,0,-127.5145705070217,"{0: 21, 1: 1, 2: 5, 3: 1, 4: 2}",0
7,False,"{'a': 0.18, 'e': 0.9320653479069899}",25,0,-47.319211588025105,"{0: 20, 1: 1, 2: 3, 3: 0, 4: 1}",0
8,False,"{'a': 0.18, 'e': 0.9227446944279201}",25,0,-79.25881343412486,"{0: 17, 1: 3, 2: 4, 3: 0, 4: 1}",0
9,False,"{'a': 0.18, 'e': 0.9135172474836408}",20,0,-16.61321198798739,"{0: 16, 1: 1, 2: 3, 3: 0, 4: 0}",0
10,False,"{'a': 0.18, 'e': 0.9043820750088044}",25,0,-137.56086087583995,"{0: 17, 1: 3, 2: 2, 3: 0, 4: 3}",0
11,False,"{'a': 0.18, 'e': 0.8953382542587164}",20,0,-124.48621260189475,"{0: 10, 1: 1, 2: 7, 3: 1, 4: 1}",0
12,False,"{'a': 0.18, 'e': 0.8863848717161292}",20,0,-54.569813105721956,"{0: 16, 1: 2, 2: 0, 3: 1, 4: 1}",0
13,False,"{'a': 0.18, 'e': 0.8775210229989678}",20,0,-18.021801075258598,"{0: 15, 1: 2, 2: 3, 3: 0, 4: 0}",0
14,False,"{'a': 0.18, 'e': 0.8687458127689782}",20,0,-92.43879154522666,"{0: 13, 1: 2, 2: 3, 3: 1, 4: 1}",0
15,False,"{'a': 0.18, 'e': 0.8600583546412884}",30,0,-153.46503841186944,"{0: 22, 1: 1, 2: 3, 3: 1, 4: 3}",0
16,False,"{'a': 0.18, 'e': 0.8514577710948755}",25,0,-102.07274205638497,"{0: 14, 1: 5, 2: 5, 3: 0, 4: 1}",0
17,False,"{'a': 0.18, 'e': 0.8429431933839268}",30,0,-75.1394946925136,"{0: 22, 1: 1, 2: 6, 3: 0, 4: 1}",0
18,False,"{'a': 0.18, 'e': 0.8345137614500875}",25,0,-40.937853254161155,"{0: 18, 1: 2, 2: 5, 3: 0, 4: 0}",0
19,False,"{'a': 0.18, 'e': 0.8261686238355866}",20,0,-44.529586667249134,"{0: 16, 1: 0, 2: 3, 3: 0, 4: 1}",0
20,False,"{'a': 0.18, 'e': 0.8179069375972308}",20,0,-118.18578356008449,"{0: 11, 1: 2, 2: 4, 3: 2, 4: 1}",0
21,False,"{'a': 0.18, 'e': 0.8097278682212584}",20,0,-27.14948129770449,"{0: 16, 1: 0, 2: 3, 3: 1, 4: 0}",0
22,False,"{'a': 0.18, 'e': 0.8016305895390459}",25,0,-65.84956989996331,"{0: 17, 1: 2, 2: 4, 3: 2, 4: 0}",0
23,False,"{'a': 0.18, 'e': 0.7936142836436554}",25,0,-177.20178422923726,"{0: 15, 1: 0, 2: 6, 3: 1, 4: 3}",0
24,False,"{'a': 0.18, 'e': 0.7856781408072188}",20,0,-29.284662078101086,"{0: 14, 1: 3, 2: 3, 3: 0, 4: 0}",0
25,False,"{'a': 0.18, 'e': 0.7778213593991467}",30,0,-71.69695703612118,"{0: 22, 1: 4, 2: 2, 3: 1, 4: 1}",0
26,False,"{'a': 0.18, 'e': 0.7700431458051551}",25,0,-59.15500009978124,"{0: 17, 1: 2, 2: 5, 3: 1, 4: 0}",0
27,False,"{'a': 0.18, 'e': 0.7623427143471035}",30,0,-198.17291323748563,"{0: 18, 1: 1, 2: 6, 3: 2, 4: 3}",0
28,False,"{'a': 0.18, 'e': 0.7547192872036326}",25,0,-131.16725667666378,"{0: 18, 1: 2, 2: 2, 3: 0, 4: 3}",0
29,False,"{'a': 0.18, 'e': 0.7471720943315961}",25,0,-86.11555408919205,"{0: 17, 1: 1, 2: 6, 3: 0, 4: 1}",0
30,False,"{'a': 0.18, 'e': 0.7397003733882802}",30,0,-99.31567963347447,"{0: 20, 1: 2, 2: 6, 3: 1, 4: 1}",0
31,False,"{'a': 0.18, 'e': 0.7323033696543975}",35,0,-129.64429879916747,"{0: 26, 1: 0, 2: 3, 3: 5, 4: 1}",0
32,False,"{'a': 0.18, 'e': 0.7249803359578534}",25,0,-88.58083530778465,"{0: 17, 1: 2, 2: 4, 3: 1, 4: 1}",0
33,False,"{'a': 0.18, 'e': 0.7177305325982749}",20,4,-55.73669222056431,"{0: 11, 1: 1, 2: 3, 3: 0, 4: 1}",1
34,False,"{'a': 0.18, 'e': 0.7105532272722921}",20,0,-58.12761851503332,"{0: 15, 1: 1, 2: 3, 3: 0, 4: 1}",0
35,False,"{'a': 0.18, 'e': 0.7034476949995692}",20,0,-39.205057783674796,"{0: 17, 1: 0, 2: 2, 3: 0, 4: 1}",0
36,False,"{'a': 0.18, 'e': 0.6964132180495735}",20,0,-36.758535369864006,"{0: 15, 1: 2, 2: 2, 3: 1, 4: 0}",0
37,False,"{'a': 0.18, 'e': 0.6894490858690777}",25,0,-85.37318170119848,"{0: 19, 1: 0, 2: 3, 3: 2, 4: 1}",0
38,False,"{'a': 0.18, 'e': 0.682554595010387}",20,0,-43.755572308797476,"{0: 14, 1: 2, 2: 3, 3: 1, 4: 0}",0
39,False,"{'a': 0.18, 'e': 0.6757290490602831}",20,0,-14.951812033233349,"{0: 16, 1: 1, 2: 3, 3: 0, 4: 0}",0
40,False,"{'a': 0.18, 'e': 0.6689717585696803}",30,0,-76.58689547977298,"{0: 20, 1: 3, 2: 5, 3: 2, 4: 0}",0
41,False,"{'a': 0.18, 'e': 0.6622820409839835}",25,0,-52.3950466323512,"{0: 18, 1: 1, 2: 5, 3: 1, 4: 0}",0
42,False,"{'a': 0.18, 'e': 0.6556592205741436}",20,0,-94.02611794333049,"{0: 13, 1: 4, 2: 1, 3: 0, 4: 2}",0
43,False,"{'a': 0.18, 'e': 0.6491026283684022}",25,0,-136.8138547495312,"{0: 16, 1: 1, 2: 5, 3: 1, 4: 2}",0
44,False,"{'a': 0.18, 'e': 0.6426116020847181}",25,0,-94.01271641588603,"{0: 16, 1: 0, 2: 7, 3: 2, 4: 0}",0
45,False,"{'a': 0.18, 'e': 0.6361854860638709}",20,0,-88.76430368459935,"{0: 14, 1: 1, 2: 2, 3: 2, 4: 1}",0
46,False,"{'a': 0.18, 'e': 0.6298236312032323}",20,10,7.936740463203887,"{0: 9, 1: 1, 2: 0, 3: 0, 4: 0}",1
47,False,"{'a': 0.18, 'e': 0.6235253948912}",25,0,-63.239448588056185,"{0: 16, 1: 1, 2: 8, 3: 0, 4: 0}",0
48,False,"{'a': 0.18, 'e': 0.617290140942288}",25,0,-12.585382770893855,"{0: 20, 1: 2, 2: 3, 3: 0, 4: 0}",0
49,False,"{'a': 0.18, 'e': 0.611117239532865}",20,0,19.31382336334402,"{0: 19, 1: 1, 2: 0, 3: 0, 4: 0}",0
50,False,"{'a': 0.18, 'e': 0.6050060671375364}",25,0,-86.30514153495061,"{0: 20, 1: 0, 2: 3, 3: 0, 4: 2}",0
51,False,"{'a': 0.18, 'e': 0.598956006466161}",25,0,-27.631954369687584,"{0: 19, 1: 2, 2: 4, 3: 0, 4: 0}",0
52,False,"{'a': 0.18, 'e': 0.5929664464014994}",35,0,-81.51015954828026,"{0: 27, 1: 0, 2: 6, 3: 1, 4: 1}",0
53,False,"{'a': 0.18, 'e': 0.5870367819374844}",20,0,-48.24954409960437,"{0: 17, 1: 0, 2: 1, 3: 1, 4: 1}",0
54,False,"{'a': 0.18, 'e': 0.5811664141181095}",25,0,-10.07528590220808,"{0: 21, 1: 1, 2: 3, 3: 0, 4: 0}",0
55,False,"{'a': 0.18, 'e': 0.5753547499769285}",20,5,-54.993044515466906,"{0: 9, 1: 2, 2: 2, 3: 2, 4: 0}",1
56,False,"{'a': 0.18, 'e': 0.5696012024771592}",25,0,-86.52503029453445,"{0: 20, 1: 1, 2: 1, 3: 1, 4: 2}",0
57,False,"{'a': 0.18, 'e': 0.5639051904523875}",20,0,-53.335072411293,"{0: 15, 1: 1, 2: 3, 3: 0, 4: 1}",0
58,False,"{'a': 0.18, 'e': 0.5582661385478637}",20,0,-74.67329930187552,"{0: 16, 1: 1, 2: 1, 3: 0, 4: 2}",0
59,False,"{'a': 0.18, 'e': 0.5526834771623851}",20,6,-11.932066439778014,"{0: 10, 1: 2, 2: 2, 3: 0, 4: 0}",1
60,False,"{'a': 0.18, 'e': 0.5471566423907612}",20,8,-63.1718806319869,"{0: 7, 1: 1, 2: 3, 3: 0, 4: 1}",1
61,False,"{'a': 0.18, 'e': 0.5416850759668536}",30,0,-129.8978766486965,"{0: 21, 1: 1, 2: 5, 3: 1, 4: 2}",0
62,False,"{'a': 0.18, 'e': 0.536268225207185}",25,0,-63.96310870445774,"{0: 19, 1: 4, 2: 0, 3: 1, 4: 1}",0
63,False,"{'a': 0.18, 'e': 0.5309055429551132}",30,7,-94.81067122840173,"{0: 17, 1: 0, 2: 4, 3: 0, 4: 2}",1
64,False,"{'a': 0.18, 'e': 0.525596487525562}",30,0,-152.65763265224442,"{0: 20, 1: 4, 2: 3, 3: 0, 4: 3}",0
65,False,"{'a': 0.18, 'e': 0.5203405226503064}",25,0,-47.62265082071826,"{0: 17, 1: 3, 2: 5, 3: 0, 4: 0}",0
66,False,"{'a': 0.18, 'e': 0.5151371174238033}",20,0,-67.59938811881779,"{0: 14, 1: 0, 2: 5, 3: 0, 4: 1}",0
67,False,"{'a': 0.18, 'e': 0.5099857462495653}",30,1,-119.03260385769353,"{0: 21, 1: 3, 2: 1, 3: 2, 4: 2}",1
68,False,"{'a': 0.18, 'e': 0.5048858887870696}",20,0,-28.268420885888364,"{0: 16, 1: 0, 2: 3, 3: 1, 4: 0}",0
69,False,"{'a': 0.18, 'e': 0.4998370298991989}",25,15,9.911638912781555,"{0: 9, 1: 1, 2: 0, 3: 0, 4: 0}",1
70,False,"{'a': 0.18, 'e': 0.49483865960020695}",20,14,-11.042367283390808,"{0: 4, 1: 0, 2: 2, 3: 0, 4: 0}",1
71,False,"{'a': 0.18, 'e': 0.4898902730042049}",20,14,-39.27517502198075,"{0: 4, 1: 1, 2: 0, 3: 0, 4: 1}",1
72,False,"{'a': 0.18, 'e': 0.48499137027416284}",25,4,-61.02254811976349,"{0: 16, 1: 1, 2: 2, 3: 1, 4: 1}",1
73,False,"{'a': 0.18, 'e': 0.4801414565714212}",20,3,12.388320499040674,"{0: 16, 1: 0, 2: 1, 3: 0, 4: 0}",1
74,False,"{'a': 0.18, 'e': 0.47534004200570695}",20,9,-13.640148499740445,"{0: 8, 1: 2, 2: 0, 3: 1, 4: 0}",1
75,False,"{'a': 0.18, 'e': 0.4705866415856499}",25,0,-22.21053202384486,"{0: 23, 1: 0, 2: 1, 3: 0, 4: 1}",0
76,False,"{'a': 0.18, 'e': 0.46588077516979337}",20,0,-23.65586488561714,"{0: 18, 1: 0, 2: 1, 3: 0, 4: 1}",0
77,False,"{'a': 0.18, 'e': 0.46122196741809546}",20,0,-32.760742576957384,"{0: 16, 1: 2, 2: 1, 3: 0, 4: 1}",0
78,False,"{'a': 0.18, 'e': 0.4566097477439145}",20,0,-21.294988342048384,"{0: 18, 1: 1, 2: 0, 3: 0, 4: 1}",0
79,False,"{'a': 0.18, 'e': 0.45204365026647536}",20,0,-7.915621569686176,"{0: 16, 1: 3, 2: 1, 3: 0, 4: 0}",0
80,False,"{'a': 0.18, 'e': 0.4475232137638106}",20,0,17.14571093554614,"{0: 19, 1: 0, 2: 1, 3: 0, 4: 0}",0
81,False,"{'a': 0.18, 'e': 0.4430479816261725}",25,0,-48.32850791843587,"{0: 21, 1: 0, 2: 3, 3: 0, 4: 1}",0
82,False,"{'a': 0.18, 'e': 0.43861750180991077}",25,0,2.878327642371946,"{0: 23, 1: 1, 2: 0, 3: 1, 4: 0}",0
83,False,"{'a': 0.18, 'e': 0.43423132679181164}",25,14,14.750543672552501,"{0: 10, 1: 1, 2: 0, 3: 0, 4: 0}",1
84,False,"{'a': 0.18, 'e': 0.4298890135238935}",25,0,-195.4880790574219,"{0: 16, 1: 2, 2: 1, 3: 2, 4: 4}",0
85,False,"{'a': 0.18, 'e': 0.4255901233886546}",20,3,-26.092770582134943,"{0: 15, 1: 0, 2: 1, 3: 0, 4: 1}",1
86,False,"{'a': 0.18, 'e': 0.421334222154768}",25,0,-89.71629558603077,"{0: 19, 1: 1, 2: 3, 3: 0, 4: 2}",0
87,False,"{'a': 0.18, 'e': 0.41712087993322033}",20,4,5.410649344723746,"{0: 13, 1: 2, 2: 1, 3: 0, 4: 0}",1
88,False,"{'a': 0.18, 'e': 0.41294967113388814}",20,6,-12.032478805703768,"{0: 12, 1: 0, 2: 1, 3: 1, 4: 0}",1
89,False,"{'a': 0.18, 'e': 0.40882017442254925}",25,0,-102.75108614677973,"{0: 19, 1: 0, 2: 1, 3: 4, 4: 1}",0
90,False,"{'a': 0.18, 'e': 0.4047319726783238}",20,0,-69.91777514325811,"{0: 16, 1: 2, 2: 0, 3: 0, 4: 2}",0
91,False,"{'a': 0.18, 'e': 0.40068465295154054}",20,6,1.974113715888449,"{0: 12, 1: 0, 2: 2, 3: 0, 4: 0}",1
92,False,"{'a': 0.18, 'e': 0.3966778064220251}",25,14,-34.785243875758134,"{0: 9, 1: 0, 2: 1, 3: 0, 4: 1}",1
93,False,"{'a': 0.18, 'e': 0.39271102835780486}",20,11,-23.221970301975343,"{0: 7, 1: 0, 2: 1, 3: 1, 4: 0}",1
94,False,"{'a': 0.18, 'e': 0.3887839180742268}",30,0,-70.51258312633043,"{0: 25, 1: 1, 2: 2, 3: 0, 4: 2}",0
95,False,"{'a': 0.18, 'e': 0.38489607889348454}",25,1,-29.594801392470423,"{0: 21, 1: 1, 2: 1, 3: 0, 4: 1}",1
96,False,"{'a': 0.18, 'e': 0.38104711810454966}",35,22,18.176841006369862,"{0: 12, 1: 1, 2: 0, 3: 0, 4: 0}",1
97,False,"{'a': 0.18, 'e': 0.37723664692350417}",30,0,-4.36752816223669,"{0: 28, 1: 1, 2: 0, 3: 0, 4: 1}",1
98,False,"{'a': 0.18, 'e': 0.37346428045426916}",25,9,13.781077912738125,"{0: 15, 1: 0, 2: 1, 3: 0, 4: 0}",1
99,False,"{'a': 0.18, 'e': 0.36972963764972644}",20,2,-105.23970449471864,"{0: 12, 1: 1, 2: 2, 3: 1, 4: 2}",1
100,False,"{'a': 0.18, 'e': 0.3660323412732292}",25,13,20.88714601520689,"{0: 12, 1: 0, 2: 0, 3: 0, 4: 0}",1
101,False,"{'a': 0.18, 'e': 0.3623720178604969}",20,0,-5.180477221111206,"{0: 17, 1: 0, 2: 3, 3: 0, 4: 0}",0
102,False,"{'a': 0.18, 'e': 0.3587482976818919}",25,9,-27.35155012512649,"{0: 12, 1: 0, 2: 3, 3: 1, 4: 0}",1
103,False,"{'a': 0.18, 'e': 0.355160814705073}",25,0,-12.589667201364104,"{0: 20, 1: 3, 2: 2, 3: 0, 4: 0}",0
104,False,"{'a': 0.18, 'e': 0.35160920655802225}",20,0,-50.82185589833791,"{0: 16, 1: 0, 2: 3, 3: 0, 4: 1}",0
105,False,"{'a': 0.18, 'e': 0.348093114492442}",20,0,7.39097928844208,"{0: 18, 1: 1, 2: 1, 3: 0, 4: 0}",0
106,False,"{'a': 0.18, 'e': 0.3446121833475176}",25,0,-30.41036778267567,"{0: 22, 1: 0, 2: 2, 3: 0, 4: 1}",0
107,False,"{'a': 0.18, 'e': 0.34116606151404244}",20,0,-15.163995703340378,"{0: 16, 1: 1, 2: 3, 3: 0, 4: 0}",0
108,False,"{'a': 0.18, 'e': 0.337754400898902}",25,0,-94.64604244580153,"{0: 17, 1: 1, 2: 5, 3: 1, 4: 1}",0
109,False,"{'a': 0.18, 'e': 0.334376856889913}",20,4,-22.425496504450216,"{0: 14, 1: 0, 2: 1, 3: 0, 4: 1}",1
110,False,"{'a': 0.18, 'e': 0.33103308832101386}",30,0,-75.6206518608837,"{0: 25, 1: 0, 2: 3, 3: 0, 4: 2}",0
111,False,"{'a': 0.18, 'e': 0.3277227574378037}",20,0,20.953271029868056,"{0: 19, 1: 1, 2: 0, 3: 0, 4: 0}",0
112,False,"{'a': 0.18, 'e': 0.3244455298634257}",25,0,12.729855369662477,"{0: 23, 1: 0, 2: 2, 3: 0, 4: 0}",0
113,False,"{'a': 0.18, 'e': 0.3212010745647914}",25,11,-22.96060929725288,"{0: 11, 1: 0, 2: 2, 3: 1, 4: 0}",1
114,False,"{'a': 0.18, 'e': 0.3179890638191435}",20,0,-6.280143117676454,"{0: 18, 1: 0, 2: 1, 3: 1, 4: 0}",1
115,False,"{'a': 0.18, 'e': 0.31480917318095203}",20,0,-16.998349260312906,"{0: 18, 1: 1, 2: 0, 3: 0, 4: 1}",0
116,False,"{'a': 0.18, 'e': 0.3116610814491425}",20,0,4.152949001989396,"{0: 19, 1: 0, 2: 0, 3: 1, 4: 0}",0
117,False,"{'a': 0.18, 'e': 0.30854447063465107}",20,8,8.10184312968942,"{0: 11, 1: 0, 2: 1, 3: 0, 4: 0}",1
118,False,"{'a': 0.18, 'e': 0.3054590259283046}",25,6,-5.649740016253297,"{0: 16, 1: 0, 2: 3, 3: 0, 4: 0}",1
119,False,"{'a': 0.18, 'e': 0.30240443566902153}",25,12,21.28034171631436,"{0: 13, 1: 0, 2: 0, 3: 0, 4: 0}",1
120,False,"{'a': 0.18, 'e': 0.2993803913123313}",25,13,4.1483530565416995,"{0: 10, 1: 1, 2: 1, 3: 0, 4: 0}",1
121,False,"{'a': 0.18, 'e': 0.296386587399208}",30,5,14.63035889132197,"{0: 22, 1: 2, 2: 1, 3: 0, 4: 0}",1
122,False,"{'a': 0.18, 'e': 0.2934227215252159}",20,0,30.567849293933094,"{0: 20, 1: 0, 2: 0, 3: 0, 4: 0}",0
123,False,"{'a': 0.18, 'e': 0.29048849430996376}",20,3,10.63244153100287,"{0: 16, 1: 0, 2: 1, 3: 0, 4: 0}",1
124,False,"{'a': 0.18, 'e': 0.2875836093668641}",25,0,-64.74086117102645,"{0: 19, 1: 2, 2: 2, 3: 1, 4: 1}",0
125,False,"{'a': 0.18, 'e': 0.28470777327319546}",25,0,-52.22270115121897,"{0: 22, 1: 1, 2: 0, 3: 0, 4: 2}",0
126,False,"{'a': 0.18, 'e': 0.2818606955404635}",25,3,30.59852410197164,"{0: 21, 1: 1, 2: 0, 3: 0, 4: 0}",1
127,False,"{'a': 0.18, 'e': 0.27904208858505886}",25,12,25.153935351269965,"{0: 13, 1: 0, 2: 0, 3: 0, 4: 0}",1
128,False,"{'a': 0.18, 'e': 0.2762516676992083}",25,13,8.518249987181072,"{0: 11, 1: 0, 2: 1, 3: 0, 4: 0}",1
129,False,"{'a': 0.18, 'e': 0.2734891510222162}",25,0,-8.371024753888845,"{0: 24, 1: 0, 2: 0, 3: 0, 4: 1}",0
130,False,"{'a': 0.18, 'e': 0.27075425951199406}",25,11,14.60372899351008,"{0: 13, 1: 0, 2: 1, 3: 0, 4: 0}",1
131,False,"{'a': 0.18, 'e': 0.2680467169168741}",25,7,-7.369779515632343,"{0: 14, 1: 2, 2: 2, 3: 0, 4: 0}",1
132,False,"{'a': 0.18, 'e': 0.26536624974770534}",25,3,22.347221713587167,"{0: 21, 1: 0, 2: 1, 3: 0, 4: 0}",1
133,False,"{'a': 0.18, 'e': 0.2627125872502283}",25,0,-88.43516418131992,"{0: 20, 1: 1, 2: 1, 3: 1, 4: 2}",0
134,False,"{'a': 0.18, 'e': 0.26008546137772603}",20,2,-55.710767908805586,"{0: 13, 1: 1, 2: 3, 3: 0, 4: 1}",1
135,False,"{'a': 0.18, 'e': 0.25748460676394874}",35,19,26.148791752614205,"{0: 16, 1: 0, 2: 0, 3: 0, 4: 0}",1
136,False,"{'a': 0.18, 'e': 0.2549097606963093}",30,7,18.54511809655128,"{0: 22, 1: 0, 2: 1, 3: 0, 4: 0}",1
137,False,"{'a': 0.18, 'e': 0.2523606630893462}",30,9,23.064171833225224,"{0: 20, 1: 0, 2: 1, 3: 0, 4: 0}",1
138,False,"{'a': 0.18, 'e': 0.2498370564584527}",25,10,24.109669962745926,"{0: 15, 1: 0, 2: 0, 3: 0, 4: 0}",1
139,False,"{'a': 0.18, 'e': 0.24733868589386818}",20,2,-30.48958762730462,"{0: 15, 1: 1, 2: 1, 3: 0, 4: 1}",1
140,False,"{'a': 0.18, 'e': 0.24486529903492948}",25,5,29.452555762706208,"{0: 20, 1: 0, 2: 0, 3: 0, 4: 0}",1
141,False,"{'a': 0.18, 'e': 0.2424166460445802}",20,1,-24.034893068778864,"{0: 16, 1: 2, 2: 0, 3: 0, 4: 1}",1
142,False,"{'a': 0.18, 'e': 0.2399924795841344}",35,5,-2.9226558772780846,"{0: 25, 1: 1, 2: 4, 3: 0, 4: 0}",1
143,False,"{'a': 0.18, 'e': 0.23759255478829303}",20,9,-26.47895634970093,"{0: 10, 1: 0, 2: 0, 3: 0, 4: 1}",1
144,False,"{'a': 0.18, 'e': 0.23521662924041012}",20,13,-50.71011361365892,"{0: 5, 1: 0, 2: 0, 3: 1, 4: 1}",1
145,False,"{'a': 0.18, 'e': 0.232864462948006}",25,17,-27.938706906175806,"{0: 5, 1: 1, 2: 1, 3: 1, 4: 0}",1
146,False,"{'a': 0.18, 'e': 0.23053581831852593}",35,16,35.79170479384565,"{0: 19, 1: 0, 2: 0, 3: 0, 4: 0}",1
147,False,"{'a': 0.18, 'e': 0.22823046013534068}",20,0,22.563546128491055,"{0: 20, 1: 0, 2: 0, 3: 0, 4: 0}",0
148,False,"{'a': 0.18, 'e': 0.22594815553398728}",20,15,10.534618949213414,"{0: 5, 1: 0, 2: 0, 3: 0, 4: 0}",1
149,False,"{'a': 0.18, 'e': 0.2236886739786474}",25,0,34.067685253454954,"{0: 25, 1: 0, 2: 0, 3: 0, 4: 0}",0
150,False,"{'a': 0.18, 'e': 0.22145178723886091}",20,0,-15.998250512302814,"{0: 18, 1: 1, 2: 0, 3: 0, 4: 1}",0
151,False,"{'a': 0.18, 'e': 0.2192372693664723}",30,0,24.675438090638043,"{0: 28, 1: 0, 2: 2, 3: 0, 4: 0}",0
152,False,"{'a': 0.18, 'e': 0.21704489667280757}",30,0,-9.285326100083738,"{0: 26, 1: 1, 2: 2, 3: 1, 4: 0}",0
153,False,"{'a': 0.18, 'e': 0.2148744477060795}",25,9,-47.426443031052,"{0: 11, 1: 3, 2: 1, 3: 0, 4: 1}",1
154,False,"{'a': 0.18, 'e': 0.2127257032290187}",30,2,24.25250622061793,"{0: 26, 1: 1, 2: 1, 3: 0, 4: 0}",1
155,False,"{'a': 0.18, 'e': 0.21059844619672852}",25,8,-3.8450886940454527,"{0: 15, 1: 0, 2: 1, 3: 1, 4: 0}",1
156,False,"{'a': 0.18, 'e': 0.20849246173476124}",20,8,22.442516017340946,"{0: 12, 1: 0, 2: 0, 3: 0, 4: 0}",1
157,False,"{'a': 0.18, 'e': 0.2064075371174136}",20,0,-46.40652662406649,"{0: 17, 1: 0, 2: 1, 3: 1, 4: 1}",0
158,False,"{'a': 0.18, 'e': 0.2043434617462395}",20,13,15.303291716099732,"{0: 7, 1: 0, 2: 0, 3: 0, 4: 0}",1
159,False,"{'a': 0.18, 'e': 0.2023000271287771}",20,14,0.25517794750146017,"{0: 5, 1: 0, 2: 1, 3: 0, 4: 0}",1
160,False,"{'a': 0.18, 'e': 0.2002770268574893}",25,0,13.828611029808465,"{0: 24, 1: 0, 2: 0, 3: 1, 4: 0}",0
161,False,"{'a': 0.18, 'e': 0.19827425658891443}",30,0,-41.11162975906213,"{0: 28, 1: 0, 2: 0, 3: 0, 4: 2}",0
162,False,"{'a': 0.18, 'e': 0.19629151402302528}",20,6,22.736592682355663,"{0: 14, 1: 0, 2: 0, 3: 0, 4: 0}",1
163,False,"{'a': 0.18, 'e': 0.19432859888279502}",25,5,-46.24843215152244,"{0: 16, 1: 1, 2: 1, 3: 1, 4: 1}",1
164,False,"{'a': 0.18, 'e': 0.19238531289396707}",20,0,-25.976212358622305,"{0: 17, 1: 2, 2: 0, 3: 0, 4: 1}",0
165,False,"{'a': 0.18, 'e': 0.1904614597650274}",20,0,6.1775776202882655,"{0: 19, 1: 0, 2: 0, 3: 1, 4: 0}",0
166,False,"{'a': 0.18, 'e': 0.1885568451673771}",20,8,17.7014023620658,"{0: 12, 1: 0, 2: 0, 3: 0, 4: 0}",1
167,False,"{'a': 0.18, 'e': 0.18667127671570335}",25,15,-37.389436501630406,"{0: 8, 1: 0, 2: 1, 3: 0, 4: 1}",1
168,False,"{'a': 0.18, 'e': 0.1848045639485463}",20,11,16.953952752507647,"{0: 9, 1: 0, 2: 0, 3: 0, 4: 0}",1
169,False,"{'a': 0.18, 'e': 0.18295651830906084}",25,0,-56.50311157881767,"{0: 22, 1: 0, 2: 1, 3: 0, 4: 2}",0
170,False,"{'a': 0.18, 'e': 0.18112695312597024}",25,18,14.329387453117597,"{0: 7, 1: 0, 2: 0, 3: 0, 4: 0}",1
171,False,"{'a': 0.18, 'e': 0.17931568359471053}",25,0,-2.3310064131296215,"{0: 24, 1: 0, 2: 0, 3: 0, 4: 1}",0
172,False,"{'a': 0.18, 'e': 0.17752252675876343}",25,2,-41.06729089376657,"{0: 18, 1: 2, 2: 2, 3: 0, 4: 1}",1
173,False,"{'a': 0.18, 'e': 0.1757473014911758}",20,12,15.113557233068834,"{0: 8, 1: 0, 2: 0, 3: 0, 4: 0}",1
174,False,"{'a': 0.18, 'e': 0.173989828476264}",25,15,16.386622733573628,"{0: 10, 1: 0, 2: 0, 3: 0, 4: 0}",1
175,False,"{'a': 0.18, 'e': 0.1722499301915014}",30,22,14.39972712137556,"{0: 8, 1: 0, 2: 0, 3: 0, 4: 0}",1
176,False,"{'a': 0.18, 'e': 0.17052743088958636}",20,8,0.33880464833118973,"{0: 11, 1: 0, 2: 0, 3: 1, 4: 0}",1
177,False,"{'a': 0.18, 'e': 0.1688221565806905}",30,7,-61.19139728514855,"{0: 17, 1: 2, 2: 2, 3: 1, 4: 1}",1
178,False,"{'a': 0.18, 'e': 0.1671339350148836}",30,13,-7.8454983521400035,"{0: 16, 1: 0, 2: 0, 3: 0, 4: 1}",1
179,False,"{'a': 0.18, 'e': 0.16546259566473476}",20,0,16.49846718195611,"{0: 19, 1: 0, 2: 1, 3: 0, 4: 0}",0
180,False,"{'a': 0.18, 'e': 0.16380796970808742}",25,1,3.495056239374766,"{0: 21, 1: 1, 2: 2, 3: 0, 4: 0}",1
181,False,"{'a': 0.18, 'e': 0.16216989001100654}",25,0,8.94403997856416,"{0: 23, 1: 0, 2: 2, 3: 0, 4: 0}",0
182,False,"{'a': 0.18, 'e': 0.16054819111089647}",30,0,40.08401651866119,"{0: 30, 1: 0, 2: 0, 3: 0, 4: 0}",0
183,False,"{'a': 0.18, 'e': 0.1589427091997875}",25,2,30.118381992307974,"{0: 22, 1: 1, 2: 0, 3: 0, 4: 0}",1
184,False,"{'a': 0.18, 'e': 0.15735328210778962}",25,0,14.640630503338523,"{0: 22, 1: 2, 2: 1, 3: 0, 4: 0}",0
185,False,"{'a': 0.18, 'e': 0.15577974928671173}",25,10,23.664045804914394,"{0: 15, 1: 0, 2: 0, 3: 0, 4: 0}",1
186,False,"{'a': 0.18, 'e': 0.1542219517938446}",20,2,13.843868349400726,"{0: 17, 1: 0, 2: 1, 3: 0, 4: 0}",1
187,False,"{'a': 0.18, 'e': 0.15267973227590617}",30,11,23.73864859352155,"{0: 18, 1: 1, 2: 0, 3: 0, 4: 0}",1
188,False,"{'a': 0.18, 'e': 0.1511529349531471}",20,16,8.387662232801159,"{0: 4, 1: 0, 2: 0, 3: 0, 4: 0}",1
189,False,"{'a': 0.18, 'e': 0.14964140560361563}",25,7,20.524311882813727,"{0: 17, 1: 0, 2: 1, 3: 0, 4: 0}",1
190,False,"{'a': 0.18, 'e': 0.14814499154757946}",20,9,18.606446605671415,"{0: 11, 1: 0, 2: 0, 3: 0, 4: 0}",1
191,False,"{'a': 0.18, 'e': 0.14666354163210368}",20,9,15.627454572034186,"{0: 11, 1: 0, 2: 0, 3: 0, 4: 0}",1
192,False,"{'a': 0.18, 'e': 0.14519690621578263}",30,0,36.47457039298048,"{0: 29, 1: 0, 2: 1, 3: 0, 4: 0}",0
193,False,"{'a': 0.18, 'e': 0.1437449371536248}",20,0,8.433848198635369,"{0: 19, 1: 0, 2: 0, 3: 1, 4: 0}",0
194,False,"{'a': 0.18, 'e': 0.14230748778208857}",20,0,7.612397975035589,"{0: 18, 1: 1, 2: 1, 3: 0, 4: 0}",0
195,False,"{'a': 0.18, 'e': 0.14088441290426768}",25,0,27.319775157256476,"{0: 25, 1: 0, 2: 0, 3: 0, 4: 0}",0
196,False,"{'a': 0.18, 'e': 0.139475568775225}",25,3,-1.5048291606973225,"{0: 21, 1: 0, 2: 0, 3: 0, 4: 1}",1
197,False,"{'a': 0.18, 'e': 0.13808081308747275}",20,6,-1.911159553089504,"{0: 12, 1: 0, 2: 2, 3: 0, 4: 0}",1
198,False,"{'a': 0.18, 'e': 0.136700004956598}",25,9,-17.587528366756118,"{0: 15, 1: 0, 2: 0, 3: 0, 4: 1}",1
199,False,"{'a': 0.18, 'e': 0.13533300490703204}",25,6,-17.661935917603696,"{0: 17, 1: 0, 2: 1, 3: 0, 4: 1}",1
200,False,"{'a': 0.18, 'e': 0.13397967485796172}",25,2,-19.265781859488165,"{0: 21, 1: 0, 2: 1, 3: 0, 4: 1}",1
201,False,"{'a': 0.18, 'e': 0.1326398781093821}",25,0,35.88229582542063,"{0: 25, 1: 0, 2: 0, 3: 0, 4: 0}",0
202,False,"{'a': 0.18, 'e': 0.13131347932828827}",25,0,38.92875608986431,"{0: 25, 1: 0, 2: 0, 3: 0, 4: 0}",0
203,False,"{'a': 0.18, 'e': 0.1300003445350054}",25,10,25.843989299826866,"{0: 15, 1: 0, 2: 0, 3: 0, 4: 0}",1
204,False,"{'a': 0.18, 'e': 0.12870034108965533}",20,11,13.605541831492326,"{0: 9, 1: 0, 2: 0, 3: 0, 4: 0}",1
205,False,"{'a': 0.18, 'e': 0.1274133376787588}",20,12,16.819686394994125,"{0: 8, 1: 0, 2: 0, 3: 0, 4: 0}",1
206,False,"{'a': 0.18, 'e': 0.12613920430197118}",20,7,19.23732985264446,"{0: 13, 1: 0, 2: 0, 3: 0, 4: 0}",1
207,False,"{'a': 0.18, 'e': 0.12487781225895148}",20,14,12.594501145556402,"{0: 6, 1: 0, 2: 0, 3: 0, 4: 0}",1
208,False,"{'a': 0.18, 'e': 0.12362903413636196}",20,6,-24.6217363617623,"{0: 12, 1: 1, 2: 0, 3: 0, 4: 1}",1
209,False,"{'a': 0.18, 'e': 0.12239274379499834}",20,8,14.592020120113771,"{0: 11, 1: 1, 2: 0, 3: 0, 4: 0}",1
210,False,"{'a': 0.18, 'e': 0.12116881635704835}",25,0,6.194407149377689,"{0: 22, 1: 1, 2: 2, 3: 0, 4: 0}",0
211,False,"{'a': 0.18, 'e': 0.11995712819347787}",20,14,-0.8677966944494369,"{0: 5, 1: 0, 2: 1, 3: 0, 4: 0}",1
212,False,"{'a': 0.18, 'e': 0.11875755691154309}",25,10,28.344963146479955,"{0: 15, 1: 0, 2: 0, 3: 0, 4: 0}",1
213,False,"{'a': 0.18, 'e': 0.11756998134242766}",20,7,5.288611376715287,"{0: 12, 1: 0, 2: 1, 3: 0, 4: 0}",1
214,False,"{'a': 0.18, 'e': 0.11639428152900338}",25,0,36.791475929713634,"{0: 25, 1: 0, 2: 0, 3: 0, 4: 0}",0
215,False,"{'a': 0.18, 'e': 0.11523033871371334}",25,9,17.477377849105288,"{0: 15, 1: 0, 2: 1, 3: 0, 4: 0}",1
216,False,"{'a': 0.18, 'e': 0.1140780353265762}",20,9,6.447113973170087,"{0: 10, 1: 0, 2: 1, 3: 0, 4: 0}",1
217,False,"{'a': 0.18, 'e': 0.11293725497331045}",20,6,12.5824566083804,"{0: 13, 1: 0, 2: 1, 3: 0, 4: 0}",1
218,False,"{'a': 0.18, 'e': 0.11180788242357734}",20,3,19.584084496271853,"{0: 16, 1: 1, 2: 0, 3: 0, 4: 0}",1
219,False,"{'a': 0.18, 'e': 0.11068980359934157}",25,9,24.16505348722048,"{0: 16, 1: 0, 2: 0, 3: 0, 4: 0}",1
220,False,"{'a': 0.18, 'e': 0.10958290556334815}",20,10,8.352151222064927,"{0: 9, 1: 0, 2: 1, 3: 0, 4: 0}",1
221,False,"{'a': 0.18, 'e': 0.10848707650771466}",20,0,22.715298758035775,"{0: 20, 1: 0, 2: 0, 3: 0, 4: 0}",0
222,False,"{'a': 0.18, 'e': 0.10740220574263752}",30,0,-51.35395473933529,"{0: 25, 1: 1, 2: 1, 3: 2, 4: 1}",1
223,False,"{'a': 0.18, 'e': 0.10632818368521114}",20,12,5.677875069249858,"{0: 7, 1: 0, 2: 1, 3: 0, 4: 0}",1
224,False,"{'a': 0.18, 'e': 0.10526490184835903}",20,0,13.806823781729241,"{0: 19, 1: 0, 2: 1, 3: 0, 4: 0}",0
225,False,"{'a': 0.18, 'e': 0.10421225282987544}",30,0,23.860715380165992,"{0: 29, 1: 0, 2: 0, 3: 1, 4: 0}",0
226,False,"{'a': 0.18, 'e': 0.10317013030157669}",25,0,38.69557111470406,"{0: 25, 1: 0, 2: 0, 3: 0, 4: 0}",0
227,False,"{'a': 0.18, 'e': 0.10213842899856092}",20,0,25.80828567351543,"{0: 20, 1: 0, 2: 0, 3: 0, 4: 0}",0
228,False,"{'a': 0.18, 'e': 0.10111704470857531}",30,12,32.91269397009784,"{0: 18, 1: 0, 2: 0, 3: 0, 4: 0}",1
229,False,"{'a': 0.18, 'e': 0.10010587426148955}",20,5,-17.778659209858702,"{0: 14, 1: 0, 2: 0, 3: 0, 4: 1}",1
230,False,"{'a': 0.18, 'e': 0.09910481551887466}",20,7,22.903386087852883,"{0: 13, 1: 0, 2: 0, 3: 0, 4: 0}",1
231,False,"{'a': 0.18, 'e': 0.0981137673636859}",25,5,37.856977123359925,"{0: 20, 1: 0, 2: 0, 3: 0, 4: 0}",1
232,False,"{'a': 0.18, 'e': 0.09713262969004904}",20,4,-58.87728838646714,"{0: 14, 1: 0, 2: 0, 3: 0, 4: 2}",1
233,False,"{'a': 0.18, 'e': 0.09616130339314856}",25,13,21.843838000464913,"{0: 12, 1: 0, 2: 0, 3: 0, 4: 0}",1
234,False,"{'a': 0.18, 'e': 0.09519969035921708}",25,4,-11.999134277823238,"{0: 20, 1: 0, 2: 0, 3: 0, 4: 1}",1
235,False,"{'a': 0.18, 'e': 0.0942476934556249}",20,0,26.07712773616828,"{0: 19, 1: 1, 2: 0, 3: 0, 4: 0}",0
236,False,"{'a': 0.18, 'e': 0.09330521652106866}",30,4,42.87411324583014,"{0: 26, 1: 0, 2: 0, 3: 0, 4: 0}",1
237,False,"{'a': 0.18, 'e': 0.09237216435585796}",20,13,13.508137694526125,"{0: 7, 1: 0, 2: 0, 3: 0, 4: 0}",1
238,False,"{'a': 0.18, 'e': 0.09144844271229938}",20,12,16.43284992111824,"{0: 8, 1: 0, 2: 0, 3: 0, 4: 0}",1
239,False,"{'a': 0.18, 'e': 0.0905339582851764}",20,11,17.965819698866913,"{0: 9, 1: 0, 2: 0, 3: 0, 4: 0}",1
240,False,"{'a': 0.18, 'e': 0.08962861870232462}",20,0,-58.89710984749753,"{0: 17, 1: 1, 2: 0, 3: 0, 4: 2}",0
241,False,"{'a': 0.18, 'e': 0.08873233251530138}",25,8,16.655052563357152,"{0: 16, 1: 0, 2: 1, 3: 0, 4: 0}",1
242,False,"{'a': 0.18, 'e': 0.08784500919014836}",25,14,19.91671819796072,"{0: 11, 1: 0, 2: 0, 3: 0, 4: 0}",1
243,False,"{'a': 0.18, 'e': 0.08696655909824688}",30,18,22.51646640677748,"{0: 12, 1: 0, 2: 0, 3: 0, 4: 0}",1
244,False,"{'a': 0.18, 'e': 0.0860968935072644}",30,0,38.77026880469584,"{0: 29, 1: 1, 2: 0, 3: 0, 4: 0}",0
245,False,"{'a': 0.18, 'e': 0.08523592457219176}",25,3,23.705615125475383,"{0: 21, 1: 1, 2: 0, 3: 0, 4: 0}",1
246,False,"{'a': 0.18, 'e': 0.08438356532646984}",25,3,37.413238077493254,"{0: 22, 1: 0, 2: 0, 3: 0, 4: 0}",1
247,False,"{'a': 0.18, 'e': 0.08353972967320515}",20,8,20.652745341564344,"{0: 12, 1: 0, 2: 0, 3: 0, 4: 0}",1
248,False,"{'a': 0.18, 'e': 0.0827043323764731}",35,17,35.46247569460808,"{0: 18, 1: 0, 2: 0, 3: 0, 4: 0}",1
249,False,"{'a': 0.18, 'e': 0.08187728905270836}",20,0,30.33618823981915,"{0: 20, 1: 0, 2: 0, 3: 0, 4: 0}",0
250,False,"{'a': 0.18, 'e': 0.08105851616218128}",20,12,15.107790585163109,"{0: 8, 1: 0, 2: 0, 3: 0, 4: 0}",1
251,False,"{'a': 0.18, 'e': 0.08024793100055946}",20,0,-16.03438465138733,"{0: 18, 1: 1, 2: 0, 3: 0, 4: 1}",0
252,False,"{'a': 0.18, 'e': 0.07944545169055386}",20,14,-2.5133355344931916,"{0: 5, 1: 0, 2: 1, 3: 0, 4: 0}",1
253,False,"{'a': 0.18, 'e': 0.07865099717364833}",20,4,14.599024792022785,"{0: 15, 1: 1, 2: 0, 3: 0, 4: 0}",1
254,False,"{'a': 0.18, 'e': 0.07786448720191184}",20,2,30.17206921210636,"{0: 18, 1: 0, 2: 0, 3: 0, 4: 0}",1
255,False,"{'a': 0.18, 'e': 0.07708584232989273}",20,9,19.411297289474504,"{0: 11, 1: 0, 2: 0, 3: 0, 4: 0}",1
256,False,"{'a': 0.18, 'e': 0.0763149839065938}",20,6,21.281988214771918,"{0: 14, 1: 0, 2: 0, 3: 0, 4: 0}",1
257,False,"{'a': 0.18, 'e': 0.07555183406752786}",20,6,23.654933225457047,"{0: 14, 1: 0, 2: 0, 3: 0, 4: 0}",1
258,False,"{'a': 0.18, 'e': 0.07479631572685258}",25,8,26.108386050071715,"{0: 17, 1: 0, 2: 0, 3: 0, 4: 0}",1
259,False,"{'a': 0.18, 'e': 0.07404835256958406}",30,20,-7.062525634838895,"{0: 9, 1: 0, 2: 0, 3: 1, 4: 0}",1
260,False,"{'a': 0.18, 'e': 0.07330786904388821}",20,0,11.585947368531762,"{0: 19, 1: 0, 2: 1, 3: 0, 4: 0}",0
261,False,"{'a': 0.18, 'e': 0.07257479035344933}",20,2,16.91763795981983,"{0: 17, 1: 0, 2: 1, 3: 0, 4: 0}",1
262,False,"{'a': 0.18, 'e': 0.07184904244991483}",20,4,-12.05646561958696,"{0: 15, 1: 0, 2: 0, 3: 0, 4: 1}",1
263,False,"{'a': 0.18, 'e': 0.07113055202541568}",25,19,11.051476774184813,"{0: 6, 1: 0, 2: 0, 3: 0, 4: 0}",1
264,False,"{'a': 0.18, 'e': 0.07041924650516153}",20,0,25.613211245993632,"{0: 20, 1: 0, 2: 0, 3: 0, 4: 0}",0
265,False,"{'a': 0.18, 'e': 0.06971505404010991}",20,13,15.0867336270936,"{0: 7, 1: 0, 2: 0, 3: 0, 4: 0}",1
266,False,"{'a': 0.18, 'e': 0.06901790349970881}",35,23,25.81091408402461,"{0: 12, 1: 0, 2: 0, 3: 0, 4: 0}",1
267,False,"{'a': 0.18, 'e': 0.06832772446471172}",20,11,11.687221855481635,"{0: 8, 1: 1, 2: 0, 3: 0, 4: 0}",1
268,False,"{'a': 0.18, 'e': 0.0676444472200646}",20,11,15.772296250762396,"{0: 9, 1: 0, 2: 0, 3: 0, 4: 0}",1
269,False,"{'a': 0.18, 'e': 0.06696800274786396}",25,8,-36.0548157559119,"{0: 15, 1: 0, 2: 0, 3: 1, 4: 1}",1
270,False,"{'a': 0.18, 'e': 0.06629832272038531}",30,0,-13.667351382959563,"{0: 28, 1: 0, 2: 1, 3: 0, 4: 1}",0
271,False,"{'a': 0.18, 'e': 0.06563533949318147}",25,11,24.569958448478168,"{0: 14, 1: 0, 2: 0, 3: 0, 4: 0}",1
272,False,"{'a': 0.18, 'e': 0.06497898609824965}",20,15,9.269564261772409,"{0: 5, 1: 0, 2: 0, 3: 0, 4: 0}",1
273,False,"{'a': 0.18, 'e': 0.06432919623726716}",20,12,15.74848908178401,"{0: 8, 1: 0, 2: 0, 3: 0, 4: 0}",1
274,False,"{'a': 0.18, 'e': 0.06368590427489448}",20,13,-8.321598966026889,"{0: 6, 1: 0, 2: 0, 3: 1, 4: 0}",1
275,False,"{'a': 0.18, 'e': 0.06304904523214554}",30,14,28.272615926941118,"{0: 16, 1: 0, 2: 0, 3: 0, 4: 0}",1
276,False,"{'a': 0.18, 'e': 0.06241855477982408}",20,0,16.83767789680247,"{0: 19, 1: 0, 2: 1, 3: 0, 4: 0}",0
277,False,"{'a': 0.18, 'e': 0.06179436923202584}",20,2,28.641919529215485,"{0: 18, 1: 0, 2: 0, 3: 0, 4: 0}",1
278,False,"{'a': 0.18, 'e': 0.06117642553970558}",20,9,20.014443550911274,"{0: 11, 1: 0, 2: 0, 3: 0, 4: 0}",1
279,False,"{'a': 0.18, 'e': 0.06056466128430853}",20,0,32.81268993406324,"{0: 20, 1: 0, 2: 0, 3: 0, 4: 0}",1
280,False,"{'a': 0.18, 'e': 0.05995901467146544}",20,13,13.122436148032406,"{0: 7, 1: 0, 2: 0, 3: 0, 4: 0}",1
281,False,"{'a': 0.18, 'e': 0.059359424524750785}",20,6,24.058919007129553,"{0: 14, 1: 0, 2: 0, 3: 0, 4: 0}",1
282,False,"{'a': 0.18, 'e': 0.05876583027950327}",30,8,30.95989245815815,"{0: 21, 1: 0, 2: 1, 3: 0, 4: 0}",1
283,False,"{'a': 0.18, 'e': 0.05817817197670824}",25,16,15.278376667533058,"{0: 9, 1: 0, 2: 0, 3: 0, 4: 0}",1
284,False,"{'a': 0.18, 'e': 0.05759639025694116}",30,7,33.12879122278301,"{0: 22, 1: 1, 2: 0, 3: 0, 4: 0}",1
285,False,"{'a': 0.18, 'e': 0.057020426354371746}",25,17,14.83601924282143,"{0: 8, 1: 0, 2: 0, 3: 0, 4: 0}",1
286,False,"{'a': 0.18, 'e': 0.05645022209082803}",25,15,16.246958176173905,"{0: 10, 1: 0, 2: 0, 3: 0, 4: 0}",1
287,False,"{'a': 0.18, 'e': 0.05588571986991975}",25,13,22.332727315176,"{0: 12, 1: 0, 2: 0, 3: 0, 4: 0}",1
288,False,"{'a': 0.18, 'e': 0.05532686267122055}",20,14,9.742554678730256,"{0: 6, 1: 0, 2: 0, 3: 0, 4: 0}",1
289,False,"{'a': 0.18, 'e': 0.05477359404450834}",25,7,12.268984867836878,"{0: 16, 1: 1, 2: 1, 3: 0, 4: 0}",1
290,False,"{'a': 0.18, 'e': 0.05422585810406326}",25,0,27.456946144092807,"{0: 24, 1: 1, 2: 0, 3: 0, 4: 0}",0
291,False,"{'a': 0.18, 'e': 0.05368359952302263}",25,20,9.826903467259939,"{0: 5, 1: 0, 2: 0, 3: 0, 4: 0}",1
292,False,"{'a': 0.18, 'e': 0.0531467635277924}",25,8,26.10165768412502,"{0: 17, 1: 0, 2: 0, 3: 0, 4: 0}",1
293,False,"{'a': 0.18, 'e': 0.05261529589251448}",30,18,11.358992176859264,"{0: 11, 1: 0, 2: 1, 3: 0, 4: 0}",1
294,False,"{'a': 0.18, 'e': 0.05208914293358933}",20,5,28.892743630359995,"{0: 15, 1: 0, 2: 0, 3: 0, 4: 0}",1
295,False,"{'a': 0.18, 'e': 0.05156825150425344}",20,0,25.078272842816585,"{0: 20, 1: 0, 2: 0, 3: 0, 4: 0}",0
296,False,"{'a': 0.18, 'e': 0.0510525689892109}",25,10,27.478095301514077,"{0: 15, 1: 0, 2: 0, 3: 0, 4: 0}",1
297,False,"{'a': 0.18, 'e': 0.050542043299318794}",25,15,20.151529535851562,"{0: 10, 1: 0, 2: 0, 3: 0, 4: 0}",1
298,False,"{'a': 0.18, 'e': 0.050036622866325604}",20,9,20.97777156229742,"{0: 11, 1: 0, 2: 0, 3: 0, 4: 0}",1
299,False,"{'a': 0.18, 'e': 0.04953625663766235}",25,18,14.246978576085473,"{0: 7, 1: 0, 2: 0, 3: 0, 4: 0}",1
300,False,"{'a': 0.18, 'e': 0.04904089407128572}",35,21,23.13043971713529,"{0: 14, 1: 0, 2: 0, 3: 0, 4: 0}",1
301,False,"{'a': 0.18, 'e': 0.04855048513057287}",25,9,23.8185024568598,"{0: 15, 1: 1, 2: 0, 3: 0, 4: 0}",1
302,False,"{'a': 0.18, 'e': 0.04806498027926714}",25,13,21.116778384219973,"{0: 12, 1: 0, 2: 0, 3: 0, 4: 0}",1
303,False,"{'a': 0.18, 'e': 0.047584330476474465}",20,13,11.98485100964233,"{0: 7, 1: 0, 2: 0, 3: 0, 4: 0}",1
304,False,"{'a': 0.18, 'e': 0.04710848717170972}",25,18,12.847804756321853,"{0: 7, 1: 0, 2: 0, 3: 0, 4: 0}",1
305,False,"{'a': 0.18, 'e': 0.04663740229999262}",20,0,14.556471727818524,"{0: 19, 1: 0, 2: 0, 3: 1, 4: 0}",0
306,False,"{'a': 0.18, 'e': 0.046171028276992696}",30,13,13.455454647150273,"{0: 16, 1: 0, 2: 0, 3: 1, 4: 0}",1
307,False,"{'a': 0.18, 'e': 0.045709317994222766}",20,8,20.789390739768326,"{0: 12, 1: 0, 2: 0, 3: 0, 4: 0}",1
308,False,"{'a': 0.18, 'e': 0.04525222481428054}",25,9,13.592413421916708,"{0: 15, 1: 0, 2: 1, 3: 0, 4: 0}",1
309,False,"{'a': 0.18, 'e': 0.04479970256613774}",20,5,21.73017945263908,"{0: 15, 1: 0, 2: 0, 3: 0, 4: 0}",1
310,False,"{'a': 0.18, 'e': 0.044351705540476356}",25,14,19.862565755251673,"{0: 11, 1: 0, 2: 0, 3: 0, 4: 0}",1
311,False,"{'a': 0.18, 'e': 0.043908188485071595}",30,16,21.675592492676458,"{0: 14, 1: 0, 2: 0, 3: 0, 4: 0}",1
312,False,"{'a': 0.18, 'e': 0.04346910660022087}",20,8,20.835117107521935,"{0: 12, 1: 0, 2: 0, 3: 0, 4: 0}",1
313,False,"{'a': 0.18, 'e': 0.04303441553421867}",20,16,6.9121877727508565,"{0: 4, 1: 0, 2: 0, 3: 0, 4: 0}",1
314,False,"{'a': 0.18, 'e': 0.04260407137887648}",20,3,24.184675289865435,"{0: 17, 1: 0, 2: 0, 3: 0, 4: 0}",1
315,False,"{'a': 0.18, 'e': 0.04217803066508771}",25,15,5.615293735927377,"{0: 9, 1: 0, 2: 1, 3: 0, 4: 0}",1
316,False,"{'a': 0.18, 'e': 0.04175625035843684}",30,6,41.93553140632643,"{0: 24, 1: 0, 2: 0, 3: 0, 4: 0}",1
317,False,"{'a': 0.18, 'e': 0.04133868785485247}",25,15,16.630201363572976,"{0: 10, 1: 0, 2: 0, 3: 0, 4: 0}",1
318,False,"{'a': 0.18, 'e': 0.040925300976303945}",35,15,20.221448484985668,"{0: 19, 1: 0, 2: 1, 3: 0, 4: 0}",1
319,False,"{'a': 0.18, 'e': 0.0405160479665409}",20,1,25.4445178698363,"{0: 19, 1: 0, 2: 0, 3: 0, 4: 0}",1
320,False,"{'a': 0.18, 'e': 0.040110887486875496}",25,0,15.909263334301384,"{0: 23, 1: 0, 2: 2, 3: 0, 4: 0}",1
321,False,"{'a': 0.18, 'e': 0.03970977861200674}",25,14,21.127081648787406,"{0: 11, 1: 0, 2: 0, 3: 0, 4: 0}",1
322,False,"{'a': 0.18, 'e': 0.039312680825886674}",20,7,23.711423185184906,"{0: 13, 1: 0, 2: 0, 3: 0, 4: 0}",1
323,False,"{'a': 0.18, 'e': 0.038919554017627804}",30,16,22.52100935008659,"{0: 14, 1: 0, 2: 0, 3: 0, 4: 0}",1
324,False,"{'a': 0.18, 'e': 0.03853035847745152}",20,2,30.90366836139442,"{0: 18, 1: 0, 2: 0, 3: 0, 4: 0}",1
325,False,"{'a': 0.18, 'e': 0.03814505489267701}",20,12,12.140721012701293,"{0: 8, 1: 0, 2: 0, 3: 0, 4: 0}",1
326,False,"{'a': 0.18, 'e': 0.03776360434375024}",30,8,-11.106139838581232,"{0: 21, 1: 0, 2: 0, 3: 0, 4: 1}",1
327,False,"{'a': 0.18, 'e': 0.03738596830031274}",20,0,32.37994682491904,"{0: 20, 1: 0, 2: 0, 3: 0, 4: 0}",0
328,False,"{'a': 0.18, 'e': 0.03701210861730961}",25,5,37.570979977563425,"{0: 20, 1: 0, 2: 0, 3: 0, 4: 0}",1
329,False,"{'a': 0.18, 'e': 0.03664198753113651}",20,16,6.52528369231384,"{0: 4, 1: 0, 2: 0, 3: 0, 4: 0}",1
330,False,"{'a': 0.18, 'e': 0.036275567655825146}",20,13,14.23407785486927,"{0: 7, 1: 0, 2: 0, 3: 0, 4: 0}",1
331,False,"{'a': 0.18, 'e': 0.0359128119792669}",35,18,29.818148880486607,"{0: 17, 1: 0, 2: 0, 3: 0, 4: 0}",1
332,False,"{'a': 0.18, 'e': 0.035553683859474224}",20,4,16.16002355517741,"{0: 15, 1: 0, 2: 1, 3: 0, 4: 0}",1
333,False,"{'a': 0.18, 'e': 0.035198147020879485}",25,3,34.17338881620777,"{0: 22, 1: 0, 2: 0, 3: 0, 4: 0}",1
334,False,"{'a': 0.18, 'e': 0.03484616555067069}",30,20,16.4863917705049,"{0: 10, 1: 0, 2: 0, 3: 0, 4: 0}",1
335,False,"{'a': 0.18, 'e': 0.03449770389516398}",25,6,26.986992206693184,"{0: 19, 1: 0, 2: 0, 3: 0, 4: 0}",1
336,False,"{'a': 0.18, 'e': 0.03415272685621234}",20,11,9.065350883183708,"{0: 8, 1: 1, 2: 0, 3: 0, 4: 0}",1
337,False,"{'a': 0.18, 'e': 0.03381119958765022}",30,13,29.75634499369645,"{0: 17, 1: 0, 2: 0, 3: 0, 4: 0}",1
338,False,"{'a': 0.18, 'e': 0.03347308759177372}",20,10,16.856415747978556,"{0: 10, 1: 0, 2: 0, 3: 0, 4: 0}",1
339,False,"{'a': 0.18, 'e': 0.03313835671585598}",25,11,1.4204880827870823,"{0: 13, 1: 0, 2: 0, 3: 1, 4: 0}",1
340,False,"{'a': 0.18, 'e': 0.03280697314869742}",20,0,26.512132380999766,"{0: 20, 1: 0, 2: 0, 3: 0, 4: 0}",0
341,False,"{'a': 0.18, 'e': 0.03247890341721044}",20,0,26.488732018026614,"{0: 20, 1: 0, 2: 0, 3: 0, 4: 0}",0
342,False,"{'a': 0.18, 'e': 0.03215411438303834}",20,12,12.769188326325214,"{0: 8, 1: 0, 2: 0, 3: 0, 4: 0}",1
343,False,"{'a': 0.18, 'e': 0.031832573239207955}",20,6,19.94861122811001,"{0: 14, 1: 0, 2: 0, 3: 0, 4: 0}",1
344,False,"{'a': 0.18, 'e': 0.031514247506815876}",20,5,16.940888522225666,"{0: 14, 1: 1, 2: 0, 3: 0, 4: 0}",1
345,False,"{'a': 0.18, 'e': 0.031199105031747717}",35,17,-6.3282430151978035,"{0: 17, 1: 0, 2: 0, 3: 0, 4: 1}",1
346,False,"{'a': 0.18, 'e': 0.03088711398143024}",20,6,25.0548848895898,"{0: 14, 1: 0, 2: 0, 3: 0, 4: 0}",1
347,False,"{'a': 0.18, 'e': 0.030578242841615935}",25,13,21.502669348849548,"{0: 12, 1: 0, 2: 0, 3: 0, 4: 0}",1
348,False,"{'a': 0.18, 'e': 0.030272460413199778}",25,5,18.50250285985395,"{0: 19, 1: 0, 2: 1, 3: 0, 4: 0}",1
349,False,"{'a': 0.18, 'e': 0.02996973580906778}",25,16,12.415905855372896,"{0: 8, 1: 1, 2: 0, 3: 0, 4: 0}",1
350,False,"{'a': 0.18, 'e': 0.029670038450977102}",25,17,12.367923357897777,"{0: 8, 1: 0, 2: 0, 3: 0, 4: 0}",1
351,False,"{'a': 0.18, 'e': 0.02937333806646733}",25,19,14.496482706075144,"{0: 6, 1: 0, 2: 0, 3: 0, 4: 0}",1
352,False,"{'a': 0.18, 'e': 0.029079604685802656}",20,0,25.39911467102007,"{0: 20, 1: 0, 2: 0, 3: 0, 4: 0}",0
353,False,"{'a': 0.18, 'e': 0.02878880863894463}",30,16,-15.172371325844408,"{0: 13, 1: 0, 2: 0, 3: 0, 4: 1}",1
354,False,"{'a': 0.18, 'e': 0.02850092055255518}",20,11,19.83067896610227,"{0: 9, 1: 0, 2: 0, 3: 0, 4: 0}",1
355,False,"{'a': 0.18, 'e': 0.02821591134702963}",20,10,20.509479491679343,"{0: 10, 1: 0, 2: 0, 3: 0, 4: 0}",1
356,False,"{'a': 0.18, 'e': 0.027933752233559334}",30,19,22.194319311668842,"{0: 11, 1: 0, 2: 0, 3: 0, 4: 0}",1
357,False,"{'a': 0.18, 'e': 0.027654414711223742}",25,8,-16.134283110838133,"{0: 16, 1: 0, 2: 0, 3: 0, 4: 1}",1
358,False,"{'a': 0.18, 'e': 0.027377870564111503}",20,9,16.59259718159779,"{0: 11, 1: 0, 2: 0, 3: 0, 4: 0}",1
359,False,"{'a': 0.18, 'e': 0.02710409185847039}",35,20,11.411378783086299,"{0: 14, 1: 0, 2: 1, 3: 0, 4: 0}",1
360,False,"{'a': 0.18, 'e': 0.026833050939885684}",35,8,43.45019521530631,"{0: 27, 1: 0, 2: 0, 3: 0, 4: 0}",1
361,False,"{'a': 0.18, 'e': 0.026564720430486827}",25,14,-2.3504088165587493,"{0: 10, 1: 0, 2: 0, 3: 1, 4: 0}",1
362,False,"{'a': 0.18, 'e': 0.026299073226181958}",25,11,24.115451556269033,"{0: 14, 1: 0, 2: 0, 3: 0, 4: 0}",1
363,False,"{'a': 0.18, 'e': 0.026036082493920136}",25,15,-0.20951795373497273,"{0: 9, 1: 0, 2: 0, 3: 1, 4: 0}",1
364,False,"{'a': 0.18, 'e': 0.025775721668980935}",20,0,27.927624472405597,"{0: 20, 1: 0, 2: 0, 3: 0, 4: 0}",0
365,False,"{'a': 0.18, 'e': 0.025517964452291125}",25,17,15.709104100149954,"{0: 8, 1: 0, 2: 0, 3: 0, 4: 0}",1
366,False,"{'a': 0.18, 'e': 0.025262784807768213}",25,7,30.179484949124703,"{0: 18, 1: 0, 2: 0, 3: 0, 4: 0}",1
367,False,"{'a': 0.18, 'e': 0.025010156959690534}",20,10,18.951548660611596,"{0: 10, 1: 0, 2: 0, 3: 0, 4: 0}",1
368,False,"{'a': 0.18, 'e': 0.024760055390093627}",20,9,17.548185258016087,"{0: 11, 1: 0, 2: 0, 3: 0, 4: 0}",1
369,False,"{'a': 0.18, 'e': 0.02451245483619269}",30,20,17.46095527542557,"{0: 10, 1: 0, 2: 0, 3: 0, 4: 0}",1
370,False,"{'a': 0.18, 'e': 0.024267330287830763}",25,0,34.31593920821957,"{0: 25, 1: 0, 2: 0, 3: 0, 4: 0}",1
371,False,"{'a': 0.18, 'e': 0.024024656984952455}",30,21,14.987826834998334,"{0: 9, 1: 0, 2: 0, 3: 0, 4: 0}",1
372,False,"{'a': 0.18, 'e': 0.02378441041510293}",25,8,25.636190132835786,"{0: 17, 1: 0, 2: 0, 3: 0, 4: 0}",1
373,False,"{'a': 0.18, 'e': 0.0235465663109519}",20,0,24.060052453392167,"{0: 19, 1: 1, 2: 0, 3: 0, 4: 0}",0
374,False,"{'a': 0.18, 'e': 0.02331110064784238}",20,7,22.396789841028934,"{0: 13, 1: 0, 2: 0, 3: 0, 4: 0}",1
375,False,"{'a': 0.18, 'e': 0.02307798964136396}",25,17,13.176355830981468,"{0: 8, 1: 0, 2: 0, 3: 0, 4: 0}",1
376,False,"{'a': 0.18, 'e': 0.022847209744950317}",30,10,39.169019691665106,"{0: 20, 1: 0, 2: 0, 3: 0, 4: 0}",1
377,False,"{'a': 0.18, 'e': 0.022618737647500813}",20,12,15.5860926010353,"{0: 8, 1: 0, 2: 0, 3: 0, 4: 0}",1
378,False,"{'a': 0.18, 'e': 0.022392550271025807}",25,1,35.222588285191506,"{0: 24, 1: 0, 2: 0, 3: 0, 4: 0}",1
379,False,"{'a': 0.18, 'e': 0.022168624768315548}",20,13,14.548564870974314,"{0: 7, 1: 0, 2: 0, 3: 0, 4: 0}",1
380,False,"{'a': 0.18, 'e': 0.021946938520632394}",25,16,19.953484510396017,"{0: 9, 1: 0, 2: 0, 3: 0, 4: 0}",1
381,False,"{'a': 0.18, 'e': 0.02172746913542607}",20,11,15.031069572687503,"{0: 9, 1: 0, 2: 0, 3: 0, 4: 0}",1
382,False,"{'a': 0.18, 'e': 0.021510194444071807}",25,6,36.104377707540166,"{0: 19, 1: 0, 2: 0, 3: 0, 4: 0}",1
383,False,"{'a': 0.18, 'e': 0.021295092499631088}",20,11,12.771696586362904,"{0: 9, 1: 0, 2: 0, 3: 0, 4: 0}",1
384,False,"{'a': 0.18, 'e': 0.02108214157463478}",20,13,11.887035262998609,"{0: 7, 1: 0, 2: 0, 3: 0, 4: 0}",1
385,False,"{'a': 0.18, 'e': 0.02087132015888843}",20,0,31.050853426591583,"{0: 20, 1: 0, 2: 0, 3: 0, 4: 0}",0
386,False,"{'a': 0.18, 'e': 0.020662606957299545}",20,2,26.704074569265533,"{0: 18, 1: 0, 2: 0, 3: 0, 4: 0}",1
387,False,"{'a': 0.18, 'e': 0.02045598088772655}",30,15,30.603469792532984,"{0: 15, 1: 0, 2: 0, 3: 0, 4: 0}",1
388,False,"{'a': 0.18, 'e': 0.020251421078849283}",20,9,20.780268528567785,"{0: 11, 1: 0, 2: 0, 3: 0, 4: 0}",1
389,False,"{'a': 0.18, 'e': 0.02004890686806079}",25,16,15.137800671673368,"{0: 9, 1: 0, 2: 0, 3: 0, 4: 0}",1
390,False,"{'a': 0.18, 'e': 0.019848417799380184}",20,5,26.692555147543146,"{0: 15, 1: 0, 2: 0, 3: 0, 4: 0}",1
391,False,"{'a': 0.18, 'e': 0.01964993362138638}",20,0,25.247984276845504,"{0: 20, 1: 0, 2: 0, 3: 0, 4: 0}",0
392,False,"{'a': 0.18, 'e': 0.019453434285172516}",25,20,8.848996267776496,"{0: 5, 1: 0, 2: 0, 3: 0, 4: 0}",1
393,False,"{'a': 0.18, 'e': 0.01925889994232079}",20,0,13.529146885911144,"{0: 19, 1: 0, 2: 1, 3: 0, 4: 0}",0
394,False,"{'a': 0.18, 'e': 0.019066310942897582}",25,18,17.250586836359577,"{0: 7, 1: 0, 2: 0, 3: 0, 4: 0}",1
395,False,"{'a': 0.18, 'e': 0.01887564783346861}",25,3,32.53387735006769,"{0: 22, 1: 0, 2: 0, 3: 0, 4: 0}",1
396,False,"{'a': 0.18, 'e': 0.018686891355133923}",25,14,15.578234901142041,"{0: 11, 1: 0, 2: 0, 3: 0, 4: 0}",1
397,False,"{'a': 0.18, 'e': 0.01850002244158258}",20,13,13.817976276678703,"{0: 7, 1: 0, 2: 0, 3: 0, 4: 0}",1
398,False,"{'a': 0.18, 'e': 0.018315022217166757}",20,9,18.82532318636619,"{0: 11, 1: 0, 2: 0, 3: 0, 4: 0}",1
399,False,"{'a': 0.18, 'e': 0.018131871994995087}",25,14,20.620561875655596,"{0: 11, 1: 0, 2: 0, 3: 0, 4: 0}",1
400,False,"{'a': 0.18, 'e': 0.017950553275045137}",20,1,32.189178045293794,"{0: 19, 1: 0, 2: 0, 3: 0, 4: 0}",1
401,False,"{'a': 0.18, 'e': 0.017771047742294686}",20,7,19.143927969880085,"{0: 13, 1: 0, 2: 0, 3: 0, 4: 0}",1
402,False,"{'a': 0.18, 'e': 0.01759333726487174}",25,0,40.86165545559694,"{0: 25, 1: 0, 2: 0, 3: 0, 4: 0}",0
403,False,"{'a': 0.18, 'e': 0.017417403892223023}",20,2,27.958950184434787,"{0: 18, 1: 0, 2: 0, 3: 0, 4: 0}",1
404,False,"{'a': 0.18, 'e': 0.01724322985330079}",20,0,29.14069495800612,"{0: 20, 1: 0, 2: 0, 3: 0, 4: 0}",0
405,False,"{'a': 0.18, 'e': 0.017070797554767782}",30,16,20.369763778369446,"{0: 14, 1: 0, 2: 0, 3: 0, 4: 0}",1
406,False,"{'a': 0.18, 'e': 0.016900089579220106}",25,10,25.989233707412033,"{0: 15, 1: 0, 2: 0, 3: 0, 4: 0}",1
407,False,"{'a': 0.18, 'e': 0.016731088683427903}",25,0,22.452409009768203,"{0: 24, 1: 0, 2: 1, 3: 0, 4: 0}",0
408,False,"{'a': 0.18, 'e': 0.016563777796593626}",20,0,29.948744337488602,"{0: 20, 1: 0, 2: 0, 3: 0, 4: 0}",0
409,False,"{'a': 0.18, 'e': 0.016398140018627688}",20,12,14.208735111583897,"{0: 8, 1: 0, 2: 0, 3: 0, 4: 0}",1
410,False,"{'a': 0.18, 'e': 0.01623415861844141}",25,12,22.055775025559786,"{0: 13, 1: 0, 2: 0, 3: 0, 4: 0}",1
411,False,"{'a': 0.18, 'e': 0.016071817032256998}",25,15,18.58598283010092,"{0: 10, 1: 0, 2: 0, 3: 0, 4: 0}",1
412,False,"{'a': 0.18, 'e': 0.015911098861934425}",25,20,9.480842860912704,"{0: 5, 1: 0, 2: 0, 3: 0, 4: 0}",1
413,False,"{'a': 0.18, 'e': 0.015751987873315082}",25,20,7.279836149128078,"{0: 5, 1: 0, 2: 0, 3: 0, 4: 0}",1
414,False,"{'a': 0.18, 'e': 0.015594467994581931}",25,19,-29.28574369148886,"{0: 5, 1: 0, 2: 0, 3: 0, 4: 1}",1
415,False,"{'a': 0.18, 'e': 0.015438523314636111}",20,14,10.817264840168312,"{0: 6, 1: 0, 2: 0, 3: 0, 4: 0}",1
416,False,"{'a': 0.18, 'e': 0.01528413808148975}",20,9,20.617138563290823,"{0: 11, 1: 0, 2: 0, 3: 0, 4: 0}",1
417,False,"{'a': 0.18, 'e': 0.015131296700674854}",20,0,33.158390933850214,"{0: 20, 1: 0, 2: 0, 3: 0, 4: 0}",0
418,False,"{'a': 0.18, 'e': 0.014979983733668104}",20,1,26.889588409976174,"{0: 19, 1: 0, 2: 0, 3: 0, 4: 0}",1
419,False,"{'a': 0.18, 'e': 0.014830183896331423}",25,12,20.013370576731383,"{0: 13, 1: 0, 2: 0, 3: 0, 4: 0}",1
420,False,"{'a': 0.18, 'e': 0.014681882057368109}",30,20,11.323056217820913,"{0: 9, 1: 1, 2: 0, 3: 0, 4: 0}",1
421,False,"{'a': 0.18, 'e': 0.014535063236794427}",20,8,19.66660171745222,"{0: 12, 1: 0, 2: 0, 3: 0, 4: 0}",1
422,False,"{'a': 0.18, 'e': 0.014389712604426484}",25,13,22.97250073286828,"{0: 12, 1: 0, 2: 0, 3: 0, 4: 0}",1
423,False,"{'a': 0.18, 'e': 0.014245815478382218}",30,4,1.2690926170079377,"{0: 25, 1: 0, 2: 0, 3: 0, 4: 1}",1
424,False,"{'a': 0.18, 'e': 0.014103357323598397}",30,11,10.060748755767456,"{0: 18, 1: 0, 2: 0, 3: 1, 4: 0}",1
425,False,"{'a': 0.18, 'e': 0.013962323750362412}",20,6,26.05326345964631,"{0: 14, 1: 0, 2: 0, 3: 0, 4: 0}",1
426,False,"{'a': 0.18, 'e': 0.013822700512858787}",25,3,34.90975826714562,"{0: 22, 1: 0, 2: 0, 3: 0, 4: 0}",1
427,False,"{'a': 0.18, 'e': 0.013684473507730199}",20,3,28.60190141903873,"{0: 17, 1: 0, 2: 0, 3: 0, 4: 0}",1
428,False,"{'a': 0.18, 'e': 0.013547628772652897}",20,11,13.861564252562834,"{0: 9, 1: 0, 2: 0, 3: 0, 4: 0}",1
429,False,"{'a': 0.18, 'e': 0.013412152484926368}",25,4,35.341736854243095,"{0: 21, 1: 0, 2: 0, 3: 0, 4: 0}",1
430,False,"{'a': 0.18, 'e': 0.013278030960077104}",25,15,17.18317809044344,"{0: 10, 1: 0, 2: 0, 3: 0, 4: 0}",1
431,False,"{'a': 0.18, 'e': 0.013145250650476333}",30,0,40.21235456495536,"{0: 30, 1: 0, 2: 0, 3: 0, 4: 0}",1
432,False,"{'a': 0.18, 'e': 0.01301379814397157}",30,19,11.788361481413185,"{0: 10, 1: 1, 2: 0, 3: 0, 4: 0}",1
433,False,"{'a': 0.18, 'e': 0.012883660162531854}",20,14,14.325546124554627,"{0: 6, 1: 0, 2: 0, 3: 0, 4: 0}",1
434,False,"{'a': 0.18, 'e': 0.012754823560906535}",25,14,24.455697568458767,"{0: 11, 1: 0, 2: 0, 3: 0, 4: 0}",1
435,False,"{'a': 0.18, 'e': 0.01262727532529747}",20,15,9.047170994966322,"{0: 5, 1: 0, 2: 0, 3: 0, 4: 0}",1
436,False,"{'a': 0.18, 'e': 0.012501002572044496}",30,18,24.212779195255866,"{0: 12, 1: 0, 2: 0, 3: 0, 4: 0}",1
437,False,"{'a': 0.18, 'e': 0.01237599254632405}",25,5,27.654864851637015,"{0: 20, 1: 0, 2: 0, 3: 0, 4: 0}",1
438,False,"{'a': 0.18, 'e': 0.012252232620860809}",25,1,37.98049188850834,"{0: 24, 1: 0, 2: 0, 3: 0, 4: 0}",1
439,False,"{'a': 0.18, 'e': 0.012129710294652202}",20,0,28.61737876029292,"{0: 20, 1: 0, 2: 0, 3: 0, 4: 0}",0
440,False,"{'a': 0.18, 'e': 0.01200841319170568}",30,15,26.138985754542333,"{0: 15, 1: 0, 2: 0, 3: 0, 4: 0}",1
441,False,"{'a': 0.18, 'e': 0.011888329059788622}",25,11,22.276509416644686,"{0: 14, 1: 0, 2: 0, 3: 0, 4: 0}",1
442,False,"{'a': 0.18, 'e': 0.011769445769190735}",25,5,34.390093787660064,"{0: 20, 1: 0, 2: 0, 3: 0, 4: 0}",1
443,False,"{'a': 0.18, 'e': 0.011651751311498829}",35,21,23.047025970962864,"{0: 14, 1: 0, 2: 0, 3: 0, 4: 0}",1
444,False,"{'a': 0.18, 'e': 0.01153523379838384}",30,21,17.090668404044113,"{0: 9, 1: 0, 2: 0, 3: 0, 4: 0}",1
445,False,"{'a': 0.18, 'e': 0.011419881460400001}",30,4,-1.2656187916231243,"{0: 25, 1: 0, 2: 0, 3: 0, 4: 1}",1
446,False,"{'a': 0.18, 'e': 0.011305682645796001}",20,9,-1.5544802449211392,"{0: 10, 1: 0, 2: 0, 3: 1, 4: 0}",1
447,False,"{'a': 0.18, 'e': 0.011192625819338041}",20,2,26.65788357572343,"{0: 18, 1: 0, 2: 0, 3: 0, 4: 0}",1
448,False,"{'a': 0.18, 'e': 0.011080699561144661}",20,14,10.827318785048579,"{0: 6, 1: 0, 2: 0, 3: 0, 4: 0}",1
449,False,"{'a': 0.18, 'e': 0.010969892565533214}",20,8,22.47899984912172,"{0: 12, 1: 0, 2: 0, 3: 0, 4: 0}",1
450,False,"{'a': 0.18, 'e': 0.010860193639877882}",25,12,22.179610530071635,"{0: 13, 1: 0, 2: 0, 3: 0, 4: 0}",1
451,False,"{'a': 0.18, 'e': 0.010751591703479103}",20,0,19.977175195161948,"{0: 19, 1: 0, 2: 1, 3: 0, 4: 0}",0
452,False,"{'a': 0.18, 'e': 0.010644075786444312}",25,15,-1.9128387907084798,"{0: 9, 1: 0, 2: 0, 3: 1, 4: 0}",1
453,False,"{'a': 0.18, 'e': 0.01053763502857987}",20,2,18.526549738533756,"{0: 17, 1: 0, 2: 1, 3: 0, 4: 0}",1
454,False,"{'a': 0.18, 'e': 0.01043225867829407}",25,8,27.979476994017627,"{0: 17, 1: 0, 2: 0, 3: 0, 4: 0}",1
455,False,"{'a': 0.18, 'e': 0.01032793609151113}",25,13,21.732249271436576,"{0: 12, 1: 0, 2: 0, 3: 0, 4: 0}",1
456,False,"{'a': 0.18, 'e': 0.010224656730596018}",20,9,16.058626202041474,"{0: 11, 1: 0, 2: 0, 3: 0, 4: 0}",1
457,False,"{'a': 0.18, 'e': 0.010122410163290057}",20,0,28.591539529344704,"{0: 20, 1: 0, 2: 0, 3: 0, 4: 0}",0
458,False,"{'a': 0.18, 'e': 0.010021186061657156}",30,17,27.300223977096426,"{0: 13, 1: 0, 2: 0, 3: 0, 4: 0}",1
459,False,"{'a': 0.18, 'e': 0.009920974201040586}",20,14,11.200289481015155,"{0: 6, 1: 0, 2: 0, 3: 0, 4: 0}",1
460,False,"{'a': 0.18, 'e': 0.009821764459030179}",25,3,38.613910352175154,"{0: 22, 1: 0, 2: 0, 3: 0, 4: 0}",1
461,False,"{'a': 0.18, 'e': 0.009723546814439878}",25,11,25.13330159805698,"{0: 14, 1: 0, 2: 0, 3: 0, 4: 0}",1
462,False,"{'a': 0.18, 'e': 0.009626311346295479}",20,0,33.405161838293225,"{0: 20, 1: 0, 2: 0, 3: 0, 4: 0}",0
463,False,"{'a': 0.18, 'e': 0.009530048232832523}",25,0,35.481017244101885,"{0: 25, 1: 0, 2: 0, 3: 0, 4: 0}",0
464,False,"{'a': 0.18, 'e': 0.009434747750504199}",20,12,-4.306343867171625,"{0: 7, 1: 0, 2: 0, 3: 1, 4: 0}",1
465,False,"{'a': 0.18, 'e': 0.009340400272999157}",20,16,9.410507129048225,"{0: 4, 1: 0, 2: 0, 3: 0, 4: 0}",1
466,False,"{'a': 0.18, 'e': 0.009246996270269165}",20,13,14.249346416828708,"{0: 7, 1: 0, 2: 0, 3: 0, 4: 0}",1
467,False,"{'a': 0.18, 'e': 0.009154526307566474}",35,17,32.349671831350584,"{0: 18, 1: 0, 2: 0, 3: 0, 4: 0}",1
468,False,"{'a': 0.18, 'e': 0.009062981044490808}",20,15,8.705930532049885,"{0: 5, 1: 0, 2: 0, 3: 0, 4: 0}",1
469,False,"{'a': 0.18, 'e': 0.0089723512340459}",20,11,16.375429683167933,"{0: 9, 1: 0, 2: 0, 3: 0, 4: 0}",1
470,False,"{'a': 0.18, 'e': 0.00888262772170544}",25,0,42.391263420919856,"{0: 25, 1: 0, 2: 0, 3: 0, 4: 0}",1
471,False,"{'a': 0.18, 'e': 0.008793801444488386}",25,14,21.10857410281227,"{0: 11, 1: 0, 2: 0, 3: 0, 4: 0}",1
472,False,"{'a': 0.18, 'e': 0.008705863430043502}",20,2,33.14466590514404,"{0: 18, 1: 0, 2: 0, 3: 0, 4: 0}",1
473,False,"{'a': 0.18, 'e': 0.008618804795743068}",30,22,16.196174619458795,"{0: 8, 1: 0, 2: 0, 3: 0, 4: 0}",1
474,False,"{'a': 0.18, 'e': 0.008532616747785637}",20,0,-10.490071277789953,"{0: 19, 1: 0, 2: 0, 3: 0, 4: 1}",0
475,False,"{'a': 0.18, 'e': 0.00844729058030778}",20,0,27.135910033509543,"{0: 20, 1: 0, 2: 0, 3: 0, 4: 0}",0
476,False,"{'a': 0.18, 'e': 0.008362817674504702}",20,10,23.22427553122482,"{0: 10, 1: 0, 2: 0, 3: 0, 4: 0}",1
477,False,"{'a': 0.18, 'e': 0.008279189497759656}",30,17,21.54302281566215,"{0: 13, 1: 0, 2: 0, 3: 0, 4: 0}",1
478,False,"{'a': 0.18, 'e': 0.008196397602782058}",25,20,10.846961512352719,"{0: 5, 1: 0, 2: 0, 3: 0, 4: 0}",1
479,False,"{'a': 0.18, 'e': 0.008114433626754238}",20,10,18.200187565032905,"{0: 10, 1: 0, 2: 0, 3: 0, 4: 0}",1
480,False,"{'a': 0.18, 'e': 0.008033289290486696}",30,13,29.742628661405668,"{0: 17, 1: 0, 2: 0, 3: 0, 4: 0}",1
481,False,"{'a': 0.18, 'e': 0.00795295639758183}",20,16,5.4710326458219765,"{0: 4, 1: 0, 2: 0, 3: 0, 4: 0}",1
482,False,"{'a': 0.18, 'e': 0.00787342683360601}",25,17,13.410859992549657,"{0: 8, 1: 0, 2: 0, 3: 0, 4: 0}",1
483,False,"{'a': 0.18, 'e': 0.0077946925652699495}",20,9,19.105745392650217,"{0: 11, 1: 0, 2: 0, 3: 0, 4: 0}",1
484,False,"{'a': 0.18, 'e': 0.00771674563961725}",25,5,30.587490302353505,"{0: 20, 1: 0, 2: 0, 3: 0, 4: 0}",1
485,False,"{'a': 0.18, 'e': 0.007639578183221077}",20,9,20.40924216532144,"{0: 11, 1: 0, 2: 0, 3: 0, 4: 0}",1
486,False,"{'a': 0.18, 'e': 0.0075631824013888665}",25,0,31.302235397554703,"{0: 25, 1: 0, 2: 0, 3: 0, 4: 0}",0
487,False,"{'a': 0.18, 'e': 0.0074875505773749785}",30,12,28.23731864599275,"{0: 18, 1: 0, 2: 0, 3: 0, 4: 0}",1
488,False,"{'a': 0.18, 'e': 0.007412675071601228}",20,16,7.467071877123595,"{0: 4, 1: 0, 2: 0, 3: 0, 4: 0}",1
489,False,"{'a': 0.18, 'e': 0.007338548320885216}",25,20,8.510807312910593,"{0: 5, 1: 0, 2: 0, 3: 0, 4: 0}",1
490,False,"{'a': 0.18, 'e': 0.0072651628376763635}",30,19,19.62513711191219,"{0: 11, 1: 0, 2: 0, 3: 0, 4: 0}",1
491,False,"{'a': 0.18, 'e': 0.0071925112092996}",20,15,8.664520189348947,"{0: 5, 1: 0, 2: 0, 3: 0, 4: 0}",1
492,False,"{'a': 0.18, 'e': 0.007120586097206604}",20,12,16.74702123842857,"{0: 8, 1: 0, 2: 0, 3: 0, 4: 0}",1
493,False,"{'a': 0.18, 'e': 0.007049380236234538}",25,14,19.27988259790801,"{0: 11, 1: 0, 2: 0, 3: 0, 4: 0}",1
494,False,"{'a': 0.18, 'e': 0.006978886433872193}",20,1,27.298968926107925,"{0: 19, 1: 0, 2: 0, 3: 0, 4: 0}",1
495,False,"{'a': 0.18, 'e': 0.00690909756953347}",25,13,19.562284618727823,"{0: 12, 1: 0, 2: 0, 3: 0, 4: 0}",1
496,False,"{'a': 0.18, 'e': 0.006840006593838136}",20,9,21.220972580721437,"{0: 11, 1: 0, 2: 0, 3: 0, 4: 0}",1
497,False,"{'a': 0.18, 'e': 0.006771606527899755}",25,17,15.17478168276061,"{0: 8, 1: 0, 2: 0, 3: 0, 4: 0}",1
498,False,"{'a': 0.18, 'e': 0.0067038904626207565}",20,13,11.144481328980564,"{0: 7, 1: 0, 2: 0, 3: 0, 4: 0}",1
499,False,"{'a': 0.18, 'e': 0.006636851557994549}",25,6,34.48102262559524,"{0: 19, 1: 0, 2: 0, 3: 0, 4: 0}",1
500,False,"{'a': 0.18, 'e': 0.006570483042414603}",20,11,16.632503683758397,"{0: 9, 1: 0, 2: 0, 3: 0, 4: 0}",1
501,False,"{'a': 0.18, 'e': 0.006504778211990457}",20,10,18.306797807631117,"{0: 10, 1: 0, 2: 0, 3: 0, 4: 0}",1
502,False,"{'a': 0.18, 'e': 0.006439730429870553}",25,16,15.36509720937768,"{0: 9, 1: 0, 2: 0, 3: 0, 4: 0}",1
503,False,"{'a': 0.18, 'e': 0.006375333125571847}",25,16,15.563635223067159,"{0: 9, 1: 0, 2: 0, 3: 0, 4: 0}",1
504,False,"{'a': 0.18, 'e': 0.006311579794316129}",20,11,11.162297242042188,"{0: 9, 1: 0, 2: 0, 3: 0, 4: 0}",1
505,False,"{'a': 0.18, 'e': 0.006248463996372967}",20,8,20.166885439208947,"{0: 12, 1: 0, 2: 0, 3: 0, 4: 0}",1
506,False,"{'a': 0.18, 'e': 0.0061859793564092375}",30,24,10.515295031328655,"{0: 6, 1: 0, 2: 0, 3: 0, 4: 0}",1
507,False,"{'a': 0.18, 'e': 0.006124119562845145}",30,18,25.17310407210175,"{0: 12, 1: 0, 2: 0, 3: 0, 4: 0}",1
508,False,"{'a': 0.18, 'e': 0.0060628783672166935}",20,2,31.75814642841322,"{0: 18, 1: 0, 2: 0, 3: 0, 4: 0}",1
509,False,"{'a': 0.18, 'e': 0.006002249583544526}",25,10,27.252690741518705,"{0: 15, 1: 0, 2: 0, 3: 0, 4: 0}",1
510,False,"{'a': 0.18, 'e': 0.005942227087709081}",20,14,11.313625028851646,"{0: 6, 1: 0, 2: 0, 3: 0, 4: 0}",1
511,False,"{'a': 0.18, 'e': 0.00588280481683199}",20,12,13.629013293728883,"{0: 8, 1: 0, 2: 0, 3: 0, 4: 0}",1
512,False,"{'a': 0.18, 'e': 0.005823976768663671}",30,9,38.94995620025409,"{0: 21, 1: 0, 2: 0, 3: 0, 4: 0}",1
513,False,"{'a': 0.18, 'e': 0.0057657370009770335}",20,0,25.939242903011007,"{0: 20, 1: 0, 2: 0, 3: 0, 4: 0}",1
514,False,"{'a': 0.18, 'e': 0.005708079630967263}",30,12,33.80268206059356,"{0: 18, 1: 0, 2: 0, 3: 0, 4: 0}",1
515,False,"{'a': 0.18, 'e': 0.00565099883465759}",20,11,17.60752920255978,"{0: 9, 1: 0, 2: 0, 3: 0, 4: 0}",1
516,False,"{'a': 0.18, 'e': 0.005594488846311015}",20,0,28.990762852214235,"{0: 20, 1: 0, 2: 0, 3: 0, 4: 0}",0
517,False,"{'a': 0.18, 'e': 0.005538543957847904}",20,14,13.300153090670092,"{0: 6, 1: 0, 2: 0, 3: 0, 4: 0}",1
518,False,"{'a': 0.18, 'e': 0.005483158518269426}",35,21,23.334363910964235,"{0: 14, 1: 0, 2: 0, 3: 0, 4: 0}",1
519,False,"{'a': 0.18, 'e': 0.005428326933086731}",25,12,24.62232313875978,"{0: 13, 1: 0, 2: 0, 3: 0, 4: 0}",1
520,False,"{'a': 0.18, 'e': 0.005374043663755864}",25,0,34.36776591777345,"{0: 25, 1: 0, 2: 0, 3: 0, 4: 0}",0
521,False,"{'a': 0.18, 'e': 0.005320303227118305}",35,27,13.677702405587665,"{0: 8, 1: 0, 2: 0, 3: 0, 4: 0}",1
522,False,"{'a': 0.18, 'e': 0.005267100194847122}",35,20,31.437123656657654,"{0: 15, 1: 0, 2: 0, 3: 0, 4: 0}",1
523,False,"{'a': 0.18, 'e': 0.005214429192898651}",20,0,28.895428705604473,"{0: 20, 1: 0, 2: 0, 3: 0, 4: 0}",0
524,False,"{'a': 0.18, 'e': 0.005162284900969664}",20,0,30.90837146097303,"{0: 20, 1: 0, 2: 0, 3: 0, 4: 0}",0
525,False,"{'a': 0.18, 'e': 0.005110662051959968}",20,8,21.527118368259366,"{0: 12, 1: 0, 2: 0, 3: 0, 4: 0}",1
526,False,"{'a': 0.18, 'e': 0.005059555431440368}",20,16,7.544864736012039,"{0: 4, 1: 0, 2: 0, 3: 0, 4: 0}",1
527,False,"{'a': 0.18, 'e': 0.005008959877125964}",20,6,24.644484703842153,"{0: 14, 1: 0, 2: 0, 3: 0, 4: 0}",1
528,False,"{'a': 0.18, 'e': 0.0049588702783547045}",20,13,12.40239593232573,"{0: 7, 1: 0, 2: 0, 3: 0, 4: 0}",1
1,True,"{'a': 0, 'e': 0}",25,18,15.241834943888609,"{0: 7, 1: 0, 2: 0, 3: 0, 4: 0}",1
2,True,"{'a': 0, 'e': 0}",35,23,22.777473055439554,"{0: 12, 1: 0, 2: 0, 3: 0, 4: 0}",1
3,True,"{'a': 0, 'e': 0}",20,16,6.050927384714677,"{0: 4, 1: 0, 2: 0, 3: 0, 4: 0}",1
4,True,"{'a': 0, 'e': 0}",20,6,25.51410456076509,"{0: 14, 1: 0, 2: 0, 3: 0, 4: 0}",1
5,True,"{'a': 0, 'e': 0}",20,11,17.15404379797529,"{0: 9, 1: 0, 2: 0, 3: 0, 4: 0}",1
6,True,"{'a': 0, 'e': 0}",25,0,39.48478352370507,"{0: 25, 1: 0, 2: 0, 3: 0, 4: 0}",0
7,True,"{'a': 0, 'e': 0}",20,0,29.084577264839417,"{0: 20, 1: 0, 2: 0, 3: 0, 4: 0}",0
8,True,"{'a': 0, 'e': 0}",25,17,13.151567401103003,"{0: 8, 1: 0, 2: 0, 3: 0, 4: 0}",1
9,True,"{'a': 0, 'e': 0}",20,16,8.69139985265314,"{0: 4, 1: 0, 2: 0, 3: 0, 4: 0}",1
10,True,"{'a': 0, 'e': 0}",20,11,16.7372614846734,"{0: 9, 1: 0, 2: 0, 3: 0, 4: 0}",1
11,True,"{'a': 0, 'e': 0}",25,15,20.282884429887133,"{0: 10, 1: 0, 2: 0, 3: 0, 4: 0}",1
12,True,"{'a': 0, 'e': 0}",30,16,26.95262311934419,"{0: 14, 1: 0, 2: 0, 3: 0, 4: 0}",1
13,True,"{'a': 0, 'e': 0}",35,18,29.62485794111745,"{0: 17, 1: 0, 2: 0, 3: 0, 4: 0}",1
14,True,"{'a': 0, 'e': 0}",20,8,15.94478686831112,"{0: 12, 1: 0, 2: 0, 3: 0, 4: 0}",1
15,True,"{'a': 0, 'e': 0}",30,19,19.451783046620918,"{0: 11, 1: 0, 2: 0, 3: 0, 4: 0}",1
16,True,"{'a': 0, 'e': 0}",20,12,17.99952049765124,"{0: 8, 1: 0, 2: 0, 3: 0, 4: 0}",1
17,True,"{'a': 0, 'e': 0}",20,9,20.72889390025689,"{0: 11, 1: 0, 2: 0, 3: 0, 4: 0}",1
18,True,"{'a': 0, 'e': 0}",30,15,24.90829369055068,"{0: 15, 1: 0, 2: 0, 3: 0, 4: 0}",1
19,True,"{'a': 0, 'e': 0}",20,10,19.110337645304092,"{0: 10, 1: 0, 2: 0, 3: 0, 4: 0}",1
20,True,"{'a': 0, 'e': 0}",25,15,16.632545309481824,"{0: 10, 1: 0, 2: 0, 3: 0, 4: 0}",1
